ID,Group,Safe_Check_1,Safe_Check_2,Safe_Check_3,Threat_Check_1,Threat_Check_2,Threat_Check_3
10369536,A,1,1,1,1,1,1
10369701,A,1,1,1,1,1,1
10369772,A,1,1,1,1,1,1
10369779,A,1,1,1,1,1,1
10369781,A,1,1,1,1,1,1
10369795,A,1,1,1,1,1,1
10369812,A,1,1,1,1,1,1
10369815,A,1,1,1,1,1,1
10369821,A,1,1,1,1,1,1
10369833,A,1,1,1,1,1,1
10369836,A,1,1,1,1,1,1
10369838,A,1,1,1,1,1,1
10369844,A,1,1,1,1,1,1
10369854,A,1,1,1,1,1,1
10369855,A,1,1,1,1,1,1
10369881,A,1,1,1,1,1,1
10369924,A,1,1,1,1,1,1
10369935,A,1,1,1,1,1,1
10370011,A,1,1,1,1,1,1
10370042,A,1,1,1,1,1,1
10370097,A,1,1,1,1,1,1
10370100,A,1,1,1,1,1,1
10370108,A,1,1,1,1,1,1
10370132,A,1,1,1,1,1,1
10370470,A,1,1,1,1,1,1
10370626,A,1,1,1,1,1,1
10370698,A,1,1,1,1,1,1
10371655,A,1,1,1,1,1,1
10391960,A,1,1,1,1,1,1
10392073,A,1,1,1,1,1,1
10393020,A,1,1,1,1,1,1
10611650,B,1,1,1,1,1,1
10611659,B,1,1,1,1,1,1
10611671,B,1,1,1,1,1,1
10611694,B,1,1,1,1,1,1
10611707,B,1,1,1,1,1,1
10611711,B,1,1,1,1,1,1
10611718,B,1,1,1,1,1,1
10611731,B,1,1,1,1,1,1
10611749,B,1,1,1,1,1,1
10611753,B,1,1,1,1,1,1
10611777,B,1,1,1,1,1,1
10611780,B,1,1,1,1,1,1
10611794,B,1,1,1,1,1,1
10611795,B,1,1,1,1,1,1
10611796,B,1,1,1,1,1,1
10611807,B,1,1,1,1,1,1
10611808,B,1,1,1,1,1,1
10611812,B,1,1,1,1,1,1
10611825,B,1,1,1,1,1,1
10611841,B,1,1,1,1,1,1
10611848,B,1,1,1,1,1,1
10611879,B,1,1,1,1,1,1
10611888,B,1,1,1,1,1,1
10611904,B,1,1,1,1,1,1
10611905,B,1,1,1,1,1,1
10611981,B,1,1,1,1,1,1
10611992,B,1,1,1,1,1,1
10612047,B,1,1,1,1,1,1
10612048,B,1,1,1,1,1,1
10612179,B,1,1,1,1,1,1
10612196,B,1,1,1,1,1,1
10612243,B,1,1,1,1,1,1
12640809,C,1,1,1,1,1,1
12640826,C,1,1,1,1,1,1
12640834,C,1,1,1,1,1,1
12640835,C,1,1,1,1,1,1
12640856,C,1,1,1,1,1,1
12640861,C,1,1,1,1,1,1
12640863,C,1,1,1,1,1,1
12640870,C,1,1,1,1,1,1
12640879,C,1,1,1,1,1,1
12640880,C,1,1,1,1,1,1
12640939,C,1,1,1,1,1,1
12640942,C,1,1,1,1,1,1
12640943,C,1,1,1,1,1,1
12640955,C,1,1,1,1,1,1
12640956,C,1,1,1,1,1,1
12640966,C,1,1,1,1,1,1
12640969,C,1,1,1,1,1,1
12640992,C,1,1,1,1,1,1
12641008,C,1,1,1,1,1,1
12641009,C,1,1,1,1,1,1
12641010,C,1,1,1,1,1,1
12641036,C,1,1,1,1,1,1
12641063,C,1,1,1,1,1,1
12641073,C,1,1,1,1,1,1
12641083,C,1,1,1,1,1,1
12641097,C,1,1,1,1,1,1
12641108,C,1,1,1,1,1,1
12641111,C,1,1,1,1,1,1
12641115,C,1,1,1,1,1,1
12641120,C,1,1,1,1,1,1
12641138,C,1,1,1,1,1,1
12641167,C,1,1,1,1,1,1
12641173,C,1,1,1,1,1,1
12641192,C,1,1,1,1,1,1
12641202,C,1,1,1,1,1,1
12641205,C,1,1,1,1,1,1
12641208,C,1,1,1,1,1,1
12641255,C,1,1,1,1,1,1
12641299,C,1,1,1,1,1,1
12641325,C,1,1,1,1,1,1
12641384,C,1,1,1,1,1,1
12641400,C,1,1,1,1,1,1
12641486,C,1,1,1,1,1,1
12641498,C,1,1,1,0,1,1
12641604,C,1,1,1,1,1,1
12641693,C,1,1,1,1,1,1
12641694,C,1,1,1,1,1,1
12641701,C,1,1,1,1,1,1
12641779,C,1,1,1,1,1,1
12641993,C,1,1,1,1,1,1
12642121,C,1,1,1,1,1,1
12642557,C,1,1,1,1,1,1
12642560,C,1,1,1,1,1,1
12642591,C,1,1,1,1,1,1
12642640,C,1,1,1,1,1,1
12642686,C,1,1,1,1,1,1
12642779,C,1,1,1,1,1,1
12643239,C,1,1,1,1,1,1
12643280,C,1,1,1,1,1,1
12643404,C,1,1,1,1,1,1
12643461,C,1,1,1,1,1,1
12643580,C,1,1,1,1,1,1
12709453,C,1,1,1,1,1,1
12709465,C,1,1,1,1,1,1
12709490,C,1,1,1,1,1,1
12709508,C,1,0,1,1,1,1
12709675,C,1,1,1,1,1,1
12709726,C,1,1,1,1,1,1
12710105,C,1,1,1,1,1,1
12654538,D,1,1,1,1,1,1
12654553,D,1,1,1,1,1,1
12654558,D,1,1,1,1,1,1
12654559,D,1,1,1,1,1,1
12654589,D,1,1,1,1,1,1
12654595,D,1,1,1,1,1,1
12654607,D,1,1,1,1,1,1
12654665,D,1,1,1,1,1,1
12654672,D,1,1,1,1,1,1
12654676,D,0,0,0,1,1,1
12654700,D,1,1,1,1,1,1
12654706,D,1,1,1,1,1,1
12654716,D,1,1,1,1,1,1
12654751,D,1,1,1,1,1,1
12654753,D,1,1,1,1,1,1
12654780,D,1,1,1,1,1,1
12654788,D,1,1,1,1,1,1
12654809,D,1,1,1,1,1,1
12654814,D,1,1,1,1,1,1
12654823,D,1,1,1,1,1,1
12654828,D,1,1,1,1,1,1
12654834,D,1,1,1,1,1,1
12654847,D,1,1,1,1,1,1
12654859,D,1,1,1,1,1,1
12654867,D,1,1,1,1,1,1
12654884,D,1,1,1,1,1,1
12654914,D,1,1,1,1,1,1
12654926,D,1,1,1,1,1,1
12654929,D,1,1,1,1,1,1
12655017,D,1,1,1,1,1,1
12655020,D,1,1,1,0,1,1
12655032,D,1,1,1,1,1,1
12655047,D,1,1,1,1,1,1
12655060,D,1,1,1,1,1,1
12655080,D,1,1,1,1,1,1
12655147,D,1,1,1,1,1,1
12655151,D,1,1,1,1,1,1
12655179,D,0,0,0,0,0,0
12655180,D,1,1,1,1,1,1
12655181,D,1,1,1,1,1,1
12655236,D,1,1,1,1,1,1
12655291,D,1,1,1,1,1,1
12655423,D,1,1,1,1,1,1
12655440,D,1,1,1,1,1,1
12655454,D,1,1,1,1,1,1
12655458,D,1,1,1,1,1,1
12655519,D,1,1,1,1,1,1
12655548,D,1,1,1,1,1,1
12655627,D,1,1,1,1,1,1
12655846,D,0,0,1,1,1,1
12655961,D,1,1,1,1,1,1
12656164,D,1,1,1,1,1,1
12656276,D,1,1,1,0,1,1
12656299,D,1,1,1,1,1,1
12656304,D,1,1,1,1,1,1
12656324,D,1,1,1,1,1,1
12656325,D,1,1,1,1,1,1
12656346,D,1,1,1,1,1,1
12656354,D,1,1,1,1,1,1
12656399,D,1,1,1,1,1,1
12656534,D,1,1,1,1,1,1
12657102,D,1,1,1,1,1,1
12657220,D,0,1,1,1,1,1
12711998,D,1,1,1,1,1,1
12712328,D,1,1,1,1,1,1
12712776,D,1,1,1,1,1,1
12713580,D,1,1,1,1,1,1
12714052,D,1,1,1,1,1,1
